timestamp,open,high,low,close,volume
2022-06-08 01:15:00,30992.05000,31138.59000,30933.11000,31112.63000,864
2022-06-08 01:00:00,31079.67000,31092.83000,30738.51000,30992.04000,1986
2022-06-08 00:45:00,31161.50000,31208.82000,31062.76000,31079.67000,394
2022-06-08 00:30:00,31276.40000,31327.22000,31156.00000,31161.50000,865
2022-06-08 00:15:00,31260.95000,31299.32000,31137.02000,31276.40000,731
2022-06-08 00:00:00,31125.32000,31264.65000,31050.83000,31260.01000,1366
2022-06-07 23:45:00,31302.00000,31353.47000,31096.33000,31125.33000,640
2022-06-07 23:30:00,31127.49000,31386.46000,31127.49000,31302.00000,823
2022-06-07 23:15:00,31179.26000,31349.98000,30930.00000,31127.50000,1565
2022-06-07 23:00:00,31259.96000,31332.53000,30914.26000,31179.25000,3366
2022-06-07 22:45:00,31136.08000,31568.00000,30300.00000,31259.96000,7328
2022-06-07 22:30:00,31382.78000,31395.15000,31077.02000,31136.09000,1385
2022-06-07 22:15:00,31430.00000,31466.35000,31322.33000,31382.78000,880
2022-06-07 22:00:00,31401.21000,31490.00000,31391.19000,31430.00000,708
2022-06-07 21:45:00,31424.40000,31482.69000,31361.36000,31401.21000,548
2022-06-07 21:30:00,31301.84000,31454.00000,31271.10000,31424.39000,772
2022-06-07 21:15:00,31435.23000,31547.56000,31296.66000,31301.84000,1233
2022-06-07 21:00:00,31350.33000,31500.00000,31349.80000,31435.22000,1016
2022-06-07 20:45:00,31374.58000,31429.99000,31281.00000,31350.33000,996
2022-06-07 20:30:00,31347.74000,31473.22000,31268.01000,31374.58000,1994
2022-06-07 20:15:00,31262.70000,31589.60000,31262.69000,31347.74000,2472
2022-06-07 20:00:00,31059.71000,31521.67000,31048.99000,31262.69000,3062
2022-06-07 19:45:00,30924.42000,31429.85000,30893.30000,31059.71000,4558
2022-06-07 19:30:00,30411.76000,30950.00000,30407.91000,30924.41000,2546
2022-06-07 19:15:00,30427.21000,30445.06000,30365.23000,30411.76000,699
2022-06-07 19:00:00,30193.42000,30460.72000,30189.78000,30427.20000,1402
2022-06-07 18:45:00,30171.97000,30209.03000,30131.88000,30193.41000,431
2022-06-07 18:30:00,30200.38000,30268.65000,30165.43000,30171.97000,710
2022-06-07 18:15:00,30147.79000,30207.55000,30080.00000,30200.38000,610
2022-06-07 18:00:00,29943.76000,30167.26000,29925.19000,30147.79000,779
2022-06-07 17:45:00,29912.05000,29961.25000,29906.03000,29943.75000,247
2022-06-07 17:30:00,29945.51000,29958.02000,29892.93000,29912.05000,211
2022-06-07 17:15:00,29939.06000,29989.30000,29893.57000,29945.51000,323
2022-06-07 17:00:00,29918.32000,29972.73000,29863.20000,29939.06000,447
2022-06-07 16:45:00,29913.53000,29944.27000,29873.34000,29918.31000,369
2022-06-07 16:30:00,29826.99000,29950.00000,29800.00000,29913.53000,531
2022-06-07 16:15:00,29841.29000,29846.67000,29747.62000,29827.00000,439
2022-06-07 16:00:00,29891.17000,29899.38000,29800.19000,29841.29000,402
2022-06-07 15:45:00,29840.22000,29905.07000,29801.61000,29891.17000,520
2022-06-07 15:30:00,29811.74000,29858.29000,29775.80000,29840.22000,757
2022-06-07 15:15:00,29948.08000,30027.01000,29805.79000,29811.75000,1098
2022-06-07 15:00:00,29908.72000,29967.88000,29833.81000,29948.08000,980
2022-06-07 14:45:00,29882.79000,30041.25000,29870.29000,29908.73000,1764
2022-06-07 14:30:00,29693.17000,29911.86000,29668.74000,29882.78000,2422
2022-06-07 14:15:00,29575.04000,29694.22000,29541.44000,29693.17000,831
2022-06-07 14:00:00,29564.47000,29650.00000,29506.33000,29575.05000,793
2022-06-07 13:45:00,29620.24000,29715.57000,29550.25000,29564.48000,1185
2022-06-07 13:30:00,29542.48000,29658.05000,29430.01000,29620.23000,1441
2022-06-07 13:15:00,29478.21000,29562.90000,29477.58000,29542.48000,383
2022-06-07 13:00:00,29504.21000,29536.03000,29475.45000,29478.21000,261
2022-06-07 12:45:00,29552.72000,29570.00000,29453.36000,29504.21000,721
2022-06-07 12:30:00,29437.73000,29559.58000,29431.01000,29552.72000,612
2022-06-07 12:15:00,29506.13000,29528.06000,29401.44000,29437.73000,636
2022-06-07 12:00:00,29521.51000,29546.38000,29487.97000,29506.12000,666
2022-06-07 11:45:00,29498.82000,29533.16000,29474.20000,29521.50000,316
2022-06-07 11:30:00,29532.43000,29552.86000,29483.09000,29498.82000,443
2022-06-07 11:15:00,29453.69000,29546.11000,29420.46000,29532.42000,576
2022-06-07 11:00:00,29597.79000,29617.57000,29345.00000,29453.69000,1675
2022-06-07 10:45:00,29601.31000,29655.96000,29582.00000,29597.79000,238
2022-06-07 10:30:00,29585.53000,29643.39000,29585.53000,29601.31000,280
2022-06-07 10:15:00,29621.14000,29630.07000,29532.50000,29585.53000,375
2022-06-07 10:00:00,29561.53000,29621.15000,29561.53000,29621.15000,247
2022-06-07 09:45:00,29579.56000,29610.92000,29560.01000,29561.54000,240
2022-06-07 09:30:00,29567.20000,29589.85000,29553.41000,29579.55000,298
2022-06-07 09:15:00,29594.29000,29613.69000,29550.00000,29567.20000,336
2022-06-07 09:00:00,29652.76000,29663.91000,29580.00000,29594.29000,513
2022-06-07 08:45:00,29718.34000,29723.55000,29609.31000,29652.76000,457
2022-06-07 08:30:00,29629.86000,29733.63000,29600.84000,29718.34000,730
2022-06-07 08:15:00,29615.80000,29646.97000,29595.13000,29629.86000,528
2022-06-07 08:00:00,29585.12000,29628.01000,29560.54000,29615.81000,412
2022-06-07 07:45:00,29534.76000,29598.75000,29534.75000,29585.12000,426
2022-06-07 07:30:00,29558.05000,29575.20000,29521.29000,29534.75000,341
2022-06-07 07:15:00,29558.43000,29581.47000,29500.00000,29558.06000,434
2022-06-07 07:00:00,29521.23000,29558.44000,29493.92000,29558.43000,425
2022-06-07 06:45:00,29501.02000,29539.87000,29478.92000,29521.24000,299
2022-06-07 06:30:00,29493.84000,29523.81000,29451.67000,29501.01000,301
2022-06-07 06:15:00,29515.19000,29535.63000,29441.92000,29493.84000,517
2022-06-07 06:00:00,29478.40000,29561.26000,29472.14000,29515.19000,371
2022-06-07 05:45:00,29499.49000,29632.49000,29477.14000,29478.41000,572
2022-06-07 05:30:00,29448.13000,29532.16000,29448.12000,29499.49000,542
2022-06-07 05:15:00,29506.18000,29533.11000,29401.00000,29448.13000,1584
2022-06-07 05:00:00,29522.42000,29540.00000,29481.52000,29506.18000,1178
2022-06-07 04:45:00,29521.26000,29565.40000,29498.11000,29522.42000,509
2022-06-07 04:30:00,29585.45000,29608.00000,29476.94000,29521.25000,877
2022-06-07 04:15:00,29497.24000,29590.49000,29472.85000,29585.44000,849
2022-06-07 04:00:00,29563.61000,29585.70000,29455.40000,29497.24000,1053
2022-06-07 03:45:00,29614.54000,29644.50000,29550.00000,29563.62000,871
2022-06-07 03:30:00,29567.82000,29645.80000,29562.95000,29614.54000,3016
2022-06-07 03:15:00,29444.72000,29668.10000,29435.03000,29567.83000,1233
2022-06-07 03:00:00,29402.09000,29461.36000,29340.00000,29444.71000,999
2022-06-07 02:45:00,29306.06000,29494.54000,29300.00000,29402.08000,1307
2022-06-07 02:30:00,29289.09000,29413.41000,29218.96000,29306.07000,1341
2022-06-07 02:15:00,29421.44000,29460.04000,29224.70000,29289.10000,1802
2022-06-07 02:00:00,29568.47000,29568.48000,29327.14000,29422.87000,1907
2022-06-07 01:45:00,29781.49000,29785.70000,29295.18000,29568.47000,5358
2022-06-07 01:30:00,29923.78000,29923.78000,29741.00000,29781.49000,1503
2022-06-07 01:15:00,30189.18000,30195.08000,29814.92000,29923.78000,1950
2022-06-07 01:00:00,30197.77000,30257.14000,29960.07000,30189.19000,2650
2022-06-07 00:45:00,30312.73000,30419.37000,30131.01000,30197.77000,1834
2022-06-07 00:30:00,30753.02000,30784.32000,30293.73000,30312.73000,4399
2022-06-07 00:15:00,31237.26000,31287.47000,30633.37000,30753.03000,3368
2022-06-07 00:00:00,31373.10000,31381.03000,31230.13000,31237.25000,579
2022-06-06 23:45:00,31340.09000,31395.52000,31326.70000,31373.10000,225
2022-06-06 23:30:00,31356.81000,31356.81000,31317.61000,31340.09000,149
2022-06-06 23:15:00,31349.63000,31379.48000,31320.00000,31356.81000,229
2022-06-06 23:00:00,31395.55000,31431.14000,31327.08000,31349.63000,407
2022-06-06 22:45:00,31432.22000,31454.17000,31381.58000,31395.55000,218
2022-06-06 22:30:00,31433.81000,31467.97000,31394.89000,31432.21000,218
2022-06-06 22:15:00,31483.05000,31483.06000,31407.50000,31433.81000,311
2022-06-06 22:00:00,31488.86000,31543.40000,31467.49000,31483.05000,215
2022-06-06 21:45:00,31514.29000,31555.87000,31488.06000,31488.86000,196
2022-06-06 21:30:00,31527.54000,31598.17000,31410.23000,31514.29000,486
2022-06-06 21:15:00,31511.76000,31599.85000,31501.65000,31527.53000,402
2022-06-06 21:00:00,31462.49000,31516.28000,31440.21000,31511.77000,215
2022-06-06 20:45:00,31365.18000,31481.79000,31358.64000,31462.49000,283
2022-06-06 20:30:00,31413.26000,31462.70000,31354.84000,31365.19000,315
2022-06-06 20:15:00,31333.30000,31542.66000,31323.44000,31413.25000,575
2022-06-06 20:00:00,31470.72000,31476.95000,31272.39000,31333.30000,641
2022-06-06 19:45:00,31434.08000,31483.96000,31381.16000,31470.72000,512
2022-06-06 19:30:00,31284.95000,31467.50000,31263.24000,31434.08000,504
2022-06-06 19:15:00,31287.43000,31338.73000,31244.99000,31284.96000,364
2022-06-06 19:00:00,31349.50000,31366.76000,31275.37000,31287.43000,383
2022-06-06 18:45:00,31378.67000,31437.60000,31246.87000,31349.50000,668
2022-06-06 18:30:00,31320.67000,31378.68000,31230.24000,31378.68000,495
2022-06-06 18:15:00,31355.94000,31356.74000,31271.95000,31320.68000,411
2022-06-06 18:00:00,31346.12000,31385.07000,31294.43000,31355.94000,443
2022-06-06 17:45:00,31304.49000,31363.30000,31265.25000,31346.12000,505
2022-06-06 17:30:00,31239.12000,31305.18000,31201.19000,31305.02000,623
2022-06-06 17:15:00,31227.98000,31264.94000,31000.01000,31239.12000,1596
2022-06-06 17:00:00,31310.95000,31372.99000,31205.17000,31227.98000,604
2022-06-06 16:45:00,31276.40000,31329.00000,31229.34000,31310.95000,577
2022-06-06 16:30:00,31287.73000,31354.52000,31223.78000,31276.40000,840
2022-06-06 16:15:00,31401.09000,31409.65000,31272.49000,31287.73000,924
2022-06-06 16:00:00,31541.41000,31555.75000,31386.07000,31401.09000,1012
2022-06-06 15:45:00,31457.93000,31559.41000,31391.77000,31541.42000,928
2022-06-06 15:30:00,31260.26000,31476.95000,31255.70000,31457.93000,1260
2022-06-06 15:15:00,31360.00000,31387.42000,31162.55000,31260.25000,2263
2022-06-06 15:00:00,31506.69000,31534.52000,31322.64000,31360.00000,1050
2022-06-06 14:45:00,31648.68000,31672.97000,31450.28000,31506.69000,745
2022-06-06 14:30:00,31698.57000,31765.64000,31601.96000,31648.67000,1236
2022-06-06 14:15:00,31607.32000,31747.06000,31543.49000,31698.58000,1195
2022-06-06 14:00:00,31442.96000,31673.32000,31421.73000,31607.32000,1740
2022-06-06 13:45:00,31451.07000,31472.32000,31337.49000,31442.96000,1359
2022-06-06 13:30:00,31468.41000,31527.90000,31256.00000,31451.06000,1933
2022-06-06 13:15:00,31423.43000,31475.36000,31345.00000,31468.41000,673
2022-06-06 13:00:00,31408.97000,31432.68000,31379.87000,31423.44000,346
2022-06-06 12:45:00,31432.90000,31466.91000,31363.12000,31408.96000,528
2022-06-06 12:30:00,31409.77000,31479.57000,31399.21000,31432.90000,370
2022-06-06 12:15:00,31415.00000,31417.95000,31346.95000,31409.78000,475
2022-06-06 12:00:00,31396.72000,31468.55000,31396.71000,31414.99000,558
2022-06-06 11:45:00,31393.76000,31420.00000,31349.34000,31396.71000,550
2022-06-06 11:30:00,31389.60000,31438.93000,31340.29000,31393.75000,485
2022-06-06 11:15:00,31416.15000,31475.60000,31338.37000,31389.60000,902
2022-06-06 11:00:00,31483.19000,31599.37000,31383.54000,31416.14000,713
2022-06-06 10:45:00,31470.02000,31535.90000,31460.33000,31483.19000,495
2022-06-06 10:30:00,31423.98000,31472.87000,31390.00000,31470.02000,391
2022-06-06 10:15:00,31417.37000,31449.45000,31390.01000,31423.99000,338
2022-06-06 10:00:00,31475.13000,31492.28000,31393.86000,31417.37000,427
2022-06-06 09:45:00,31413.65000,31475.14000,31408.84000,31475.14000,373
2022-06-06 09:30:00,31398.11000,31420.00000,31380.00000,31413.64000,488
2022-06-06 09:15:00,31435.61000,31512.15000,31397.30000,31398.10000,535
2022-06-06 09:00:00,31469.27000,31550.00000,31412.99000,31435.60000,834
2022-06-06 08:45:00,31406.61000,31469.28000,31373.89000,31469.28000,476
2022-06-06 08:30:00,31443.84000,31483.28000,31380.78000,31406.61000,780
2022-06-06 08:15:00,31353.15000,31443.85000,31331.89000,31443.85000,503
2022-06-06 08:00:00,31292.76000,31395.35000,31281.00000,31353.14000,936
2022-06-06 07:45:00,31199.91000,31293.47000,31199.91000,31292.77000,429
2022-06-06 07:30:00,31323.55000,31329.20000,31196.74000,31199.92000,558
2022-06-06 07:15:00,31313.79000,31349.00000,31289.63000,31323.55000,468
2022-06-06 07:00:00,31274.23000,31393.15000,31260.28000,31313.79000,783
2022-06-06 06:45:00,31248.03000,31434.75000,31248.03000,31274.23000,1394
2022-06-06 06:30:00,31217.77000,31306.84000,31215.00000,31248.04000,348
2022-06-06 06:15:00,31173.01000,31249.99000,31160.42000,31217.76000,413
2022-06-06 06:00:00,31169.05000,31208.45000,31165.31000,31173.01000,463
2022-06-06 05:45:00,31219.09000,31239.66000,31153.97000,31169.05000,488
2022-06-06 05:30:00,31226.16000,31271.85000,31219.09000,31219.09000,368
2022-06-06 05:15:00,31206.49000,31252.70000,31153.60000,31226.15000,625
2022-06-06 05:00:00,31222.91000,31283.34000,31202.71000,31206.49000,454
2022-06-06 04:45:00,31228.93000,31288.20000,31212.74000,31222.91000,396
2022-06-06 04:30:00,31272.80000,31286.91000,31212.31000,31228.93000,402
2022-06-06 04:15:00,31242.87000,31282.81000,31148.43000,31272.80000,574
2022-06-06 04:00:00,31250.99000,31357.00000,31202.01000,31242.87000,1003
2022-06-06 03:45:00,31062.12000,31276.87000,31054.61000,31251.00000,1430
2022-06-06 03:30:00,31077.45000,31113.07000,31037.62000,31062.11000,617
2022-06-06 03:15:00,31107.58000,31218.50000,31059.32000,31077.44000,2578
2022-06-06 03:00:00,30926.12000,31157.36000,30926.11000,31107.59000,1526
2022-06-06 02:45:00,30955.93000,30999.61000,30926.11000,30926.11000,484
2022-06-06 02:30:00,30981.75000,31145.32000,30951.98000,30955.94000,1248
2022-06-06 02:15:00,30985.08000,31006.83000,30881.98000,30981.74000,696
2022-06-06 02:00:00,30844.06000,31029.00000,30844.06000,30985.08000,1748
2022-06-06 01:45:00,30594.51000,30924.56000,30560.62000,30844.07000,1815
2022-06-06 01:30:00,30581.19000,30657.10000,30567.83000,30594.50000,849
2022-06-06 01:15:00,30414.52000,30644.40000,30414.52000,30581.19000,1824
2022-06-06 01:00:00,30301.69000,30435.76000,30301.69000,30414.52000,889
2022-06-06 00:45:00,30084.74000,30396.99000,30055.08000,30301.70000,1276
2022-06-06 00:30:00,29987.15000,30084.74000,29987.15000,30084.74000,490
2022-06-06 00:15:00,29934.55000,30024.00000,29925.54000,29987.15000,376
2022-06-06 00:00:00,29919.20000,29998.61000,29890.23000,29934.55000,347
2022-06-05 23:45:00,29926.11000,29958.17000,29900.61000,29919.21000,303
2022-06-05 23:30:00,29926.03000,29950.45000,29894.89000,29926.10000,274
2022-06-05 23:15:00,30032.82000,30033.29000,29920.99000,29926.02000,393
2022-06-05 23:00:00,30022.67000,30050.92000,30005.47000,30032.82000,244
2022-06-05 22:45:00,29945.49000,30059.78000,29945.48000,30022.67000,470
2022-06-05 22:30:00,29948.54000,29957.87000,29875.01000,29945.49000,396
2022-06-05 22:15:00,29993.91000,30037.04000,29948.53000,29948.54000,296
2022-06-05 22:00:00,29965.23000,30070.83000,29944.81000,29993.90000,782
2022-06-05 21:45:00,29926.58000,29980.78000,29912.45000,29965.23000,148
2022-06-05 21:30:00,29864.77000,29996.75000,29860.71000,29926.58000,183
2022-06-05 21:15:00,29890.46000,29898.07000,29815.75000,29864.77000,257
2022-06-05 21:00:00,29945.85000,29946.85000,29835.03000,29890.46000,416
2022-06-05 20:45:00,29997.42000,30003.58000,29945.84000,29945.84000,239
2022-06-05 20:30:00,30066.19000,30084.85000,29995.15000,29997.41000,196
2022-06-05 20:15:00,30104.50000,30110.28000,30066.18000,30066.18000,136
2022-06-05 20:00:00,30049.85000,30127.47000,30049.85000,30104.50000,222
2022-06-05 19:45:00,29980.37000,30100.00000,29980.37000,30049.86000,292
2022-06-05 19:30:00,29982.52000,29990.62000,29962.44000,29980.37000,166
2022-06-05 19:15:00,29990.96000,29997.92000,29956.07000,29982.52000,171
2022-06-05 19:00:00,29996.31000,30012.26000,29980.92000,29990.96000,113
2022-06-05 18:45:00,29981.95000,30042.86000,29981.95000,29996.31000,221
2022-06-05 18:30:00,30055.88000,30055.89000,29979.44000,29981.95000,184
2022-06-05 18:15:00,30015.94000,30065.96000,30000.00000,30055.88000,221
2022-06-05 18:00:00,30022.00000,30092.09000,29996.20000,30015.95000,276
2022-06-05 17:45:00,30059.03000,30120.50000,29988.07000,30021.99000,340
2022-06-05 17:30:00,30046.66000,30132.47000,30006.90000,30059.02000,567
2022-06-05 17:15:00,29948.72000,30124.98000,29931.14000,30046.66000,608
2022-06-05 17:00:00,29866.95000,29962.90000,29846.38000,29948.72000,340
2022-06-05 16:45:00,29868.83000,29879.84000,29801.48000,29866.94000,189
2022-06-05 16:30:00,29853.99000,29884.89000,29761.00000,29868.83000,457
2022-06-05 16:15:00,30045.88000,30083.41000,29826.96000,29853.99000,699
2022-06-05 16:00:00,29972.23000,30189.00000,29932.35000,30045.89000,1813
2022-06-05 15:45:00,29885.62000,29981.00000,29873.08000,29972.22000,504
2022-06-05 15:30:00,29829.20000,29950.00000,29788.39000,29885.62000,512
2022-06-05 15:15:00,29803.15000,29879.00000,29788.39000,29829.20000,330
2022-06-05 15:00:00,29791.72000,29829.65000,29781.70000,29803.15000,223
2022-06-05 14:45:00,29776.51000,29837.86000,29752.87000,29791.71000,286
2022-06-05 14:30:00,29755.71000,29807.82000,29751.24000,29776.50000,170
2022-06-05 14:15:00,29676.21000,29800.00000,29671.39000,29755.71000,395
2022-06-05 14:00:00,29656.45000,29687.34000,29626.65000,29676.21000,183
2022-06-05 13:45:00,29702.07000,29738.45000,29640.73000,29656.46000,202
2022-06-05 13:30:00,29704.82000,29715.81000,29678.05000,29702.07000,137
2022-06-05 13:15:00,29742.51000,29742.52000,29704.81000,29704.81000,88
2022-06-05 13:00:00,29718.00000,29754.89000,29717.99000,29742.52000,80
2022-06-05 12:45:00,29709.61000,29726.94000,29698.26000,29717.99000,85
2022-06-05 12:30:00,29761.38000,29776.71000,29702.23000,29709.61000,161
2022-06-05 12:15:00,29695.82000,29780.65000,29675.24000,29761.39000,211
2022-06-05 12:00:00,29718.69000,29724.20000,29694.36000,29695.81000,106
2022-06-05 11:45:00,29683.96000,29742.13000,29679.99000,29718.69000,188
2022-06-05 11:30:00,29655.00000,29698.89000,29645.93000,29683.95000,201
2022-06-05 11:15:00,29601.39000,29655.00000,29588.95000,29655.00000,171
2022-06-05 11:00:00,29641.65000,29646.36000,29600.00000,29601.38000,156
2022-06-05 10:45:00,29670.38000,29690.50000,29637.38000,29641.65000,89
2022-06-05 10:30:00,29682.98000,29691.80000,29658.29000,29670.38000,61
2022-06-05 10:15:00,29660.27000,29710.00000,29655.64000,29682.97000,178
2022-06-05 10:00:00,29639.46000,29662.42000,29600.00000,29660.27000,164
2022-06-05 09:45:00,29649.99000,29666.38000,29624.39000,29639.46000,210
2022-06-05 09:30:00,29621.90000,29666.22000,29531.42000,29649.99000,344
2022-06-05 09:15:00,29585.89000,29638.53000,29570.78000,29621.90000,260
2022-06-05 09:00:00,29691.82000,29691.82000,29555.00000,29586.95000,344
2022-06-05 08:45:00,29724.81000,29738.73000,29689.09000,29691.81000,119
2022-06-05 08:30:00,29699.99000,29735.00000,29699.86000,29724.80000,114
2022-06-05 08:15:00,29689.31000,29736.68000,29686.65000,29699.98000,216
2022-06-05 08:00:00,29645.68000,29703.92000,29643.93000,29689.32000,165
2022-06-05 07:45:00,29794.29000,29794.29000,29645.67000,29645.67000,294
2022-06-05 07:30:00,29809.10000,29809.87000,29786.74000,29794.28000,125
2022-06-05 07:15:00,29740.97000,29810.20000,29738.87000,29809.09000,112
2022-06-05 07:00:00,29729.71000,29747.70000,29709.62000,29740.97000,134
2022-06-05 06:45:00,29774.43000,29774.44000,29729.70000,29729.71000,120
2022-06-05 06:30:00,29766.42000,29778.42000,29762.34000,29774.44000,82
2022-06-05 06:15:00,29787.07000,29787.46000,29763.73000,29766.41000,108
2022-06-05 06:00:00,29793.94000,29796.83000,29782.11000,29786.38000,64
2022-06-05 05:45:00,29795.84000,29819.85000,29788.00000,29793.95000,121
2022-06-05 05:30:00,29801.23000,29812.50000,29785.23000,29795.83000,132
2022-06-05 05:15:00,29761.04000,29801.23000,29751.09000,29801.22000,107
2022-06-05 05:00:00,29722.90000,29761.05000,29722.89000,29761.04000,78
2022-06-05 04:45:00,29725.43000,29755.09000,29722.89000,29722.90000,101
2022-06-05 04:30:00,29715.96000,29737.02000,29704.82000,29725.42000,118
2022-06-05 04:15:00,29696.78000,29717.22000,29686.00000,29715.97000,137
2022-06-05 04:00:00,29766.95000,29782.19000,29690.92000,29696.79000,289
2022-06-05 03:45:00,29765.73000,29766.95000,29748.88000,29766.95000,89
2022-06-05 03:30:00,29795.70000,29808.40000,29751.33000,29765.73000,116
2022-06-05 03:15:00,29781.36000,29819.95000,29776.88000,29795.71000,115
2022-06-05 03:00:00,29793.99000,29795.99000,29749.75000,29781.36000,152
2022-06-05 02:45:00,29782.20000,29796.31000,29773.66000,29793.99000,121
2022-06-05 02:30:00,29792.91000,29795.77000,29766.41000,29782.20000,101
2022-06-05 02:15:00,29788.39000,29799.99000,29774.55000,29792.90000,144
2022-06-05 02:00:00,29691.73000,29795.25000,29678.50000,29788.39000,225
2022-06-05 01:45:00,29721.74000,29735.52000,29691.73000,29691.74000,202
2022-06-05 01:30:00,29731.67000,29750.00000,29703.15000,29721.73000,120
2022-06-05 01:15:00,29708.23000,29738.74000,29681.85000,29731.67000,314
2022-06-05 01:00:00,29740.64000,29755.23000,29702.41000,29708.23000,223
2022-06-05 00:45:00,29793.50000,29802.83000,29729.37000,29740.64000,238
2022-06-05 00:30:00,29868.06000,29868.07000,29792.70000,29793.50000,173
2022-06-05 00:15:00,29865.46000,29897.18000,29865.45000,29868.06000,148
2022-06-05 00:00:00,29864.03000,29883.93000,29813.11000,29865.46000,223
2022-06-04 23:45:00,29796.69000,29869.40000,29788.11000,29864.04000,225
2022-06-04 23:30:00,29778.07000,29806.96000,29778.06000,29796.69000,111
2022-06-04 23:15:00,29813.11000,29820.80000,29771.22000,29778.07000,267
2022-06-04 23:00:00,29808.02000,29825.23000,29784.70000,29813.11000,145
2022-06-04 22:45:00,29794.73000,29829.71000,29794.73000,29808.01000,176
2022-06-04 22:30:00,29857.92000,29877.57000,29791.65000,29794.74000,180
2022-06-04 22:15:00,29924.44000,29976.67000,29849.88000,29857.93000,476
2022-06-04 22:00:00,29846.33000,29977.99000,29824.89000,29924.44000,824
2022-06-04 21:45:00,29826.46000,29862.57000,29760.47000,29846.33000,205
2022-06-04 21:30:00,29760.35000,29844.43000,29745.51000,29826.46000,94
2022-06-04 21:15:00,29763.68000,29784.28000,29745.78000,29760.35000,159
2022-06-04 21:00:00,29749.77000,29775.98000,29749.76000,29763.68000,154
2022-06-04 20:45:00,29732.58000,29750.00000,29711.53000,29749.77000,165
2022-06-04 20:30:00,29715.81000,29736.70000,29715.81000,29732.58000,146
2022-06-04 20:15:00,29635.40000,29731.61000,29635.40000,29715.82000,170
2022-06-04 20:00:00,29655.41000,29698.64000,29632.05000,29635.40000,137
2022-06-04 19:45:00,29648.19000,29673.99000,29646.34000,29655.41000,161
2022-06-04 19:30:00,29709.09000,29709.09000,29634.05000,29648.18000,214
2022-06-04 19:15:00,29719.84000,29725.63000,29706.11000,29709.09000,126
2022-06-04 19:00:00,29768.68000,29775.37000,29714.20000,29719.84000,238
2022-06-04 18:45:00,29782.88000,29793.30000,29768.01000,29768.67000,120
2022-06-04 18:30:00,29747.82000,29799.82000,29747.81000,29782.88000,177
2022-06-04 18:15:00,29771.92000,29787.74000,29746.20000,29747.81000,260
2022-06-04 18:00:00,29712.52000,29792.27000,29712.51000,29771.92000,204
2022-06-04 17:45:00,29685.84000,29737.69000,29685.84000,29712.52000,179
2022-06-04 17:30:00,29654.62000,29717.36000,29613.40000,29685.85000,212
2022-06-04 17:15:00,29676.29000,29682.13000,29613.26000,29654.61000,360
2022-06-04 17:00:00,29751.41000,29755.24000,29670.00000,29676.28000,265
2022-06-04 16:45:00,29785.01000,29787.83000,29747.63000,29751.41000,338
2022-06-04 16:30:00,29774.32000,29796.26000,29760.00000,29785.02000,269
2022-06-04 16:15:00,29808.01000,29827.89000,29770.89000,29774.33000,191
2022-06-04 16:00:00,29858.79000,29858.80000,29795.94000,29808.01000,338
2022-06-04 15:45:00,29805.99000,29858.80000,29795.55000,29858.80000,322
2022-06-04 15:30:00,29860.93000,29888.01000,29802.53000,29806.00000,339
2022-06-04 15:15:00,29804.70000,29884.99000,29750.29000,29860.92000,438
2022-06-04 15:00:00,29777.31000,29843.68000,29758.31000,29804.70000,392
2022-06-04 14:45:00,29772.13000,29826.52000,29746.16000,29777.32000,319
2022-06-04 14:30:00,29737.11000,29988.88000,29674.61000,29772.13000,1325
2022-06-04 14:15:00,29541.20000,29781.71000,29531.17000,29737.11000,746
2022-06-04 14:00:00,29596.11000,29604.69000,29485.00000,29541.20000,403
2022-06-04 13:45:00,29604.70000,29604.71000,29575.96000,29596.11000,161
2022-06-04 13:30:00,29642.77000,29642.78000,29596.65000,29604.71000,124
2022-06-04 13:15:00,29600.00000,29642.78000,29558.29000,29642.77000,284
2022-06-04 13:00:00,29538.00000,29654.52000,29522.99000,29600.00000,390
2022-06-04 12:45:00,29556.46000,29578.64000,29516.01000,29538.00000,254
2022-06-04 12:30:00,29599.99000,29624.82000,29536.94000,29556.45000,262
2022-06-04 12:15:00,29641.26000,29652.25000,29585.52000,29600.00000,287
2022-06-04 12:00:00,29681.68000,29703.64000,29611.24000,29641.27000,329
2022-06-04 11:45:00,29719.67000,29723.42000,29594.91000,29681.69000,465
2022-06-04 11:30:00,29701.80000,29741.42000,29700.30000,29719.67000,145
2022-06-04 11:15:00,29738.35000,29738.35000,29701.11000,29701.80000,219
2022-06-04 11:00:00,29729.90000,29742.09000,29729.44000,29738.35000,66
2022-06-04 10:45:00,29710.86000,29729.90000,29709.54000,29729.90000,150
2022-06-04 10:30:00,29735.12000,29737.93000,29706.70000,29710.86000,235
2022-06-04 10:15:00,29750.11000,29791.04000,29735.12000,29735.13000,230
2022-06-04 10:00:00,29724.96000,29759.11000,29724.96000,29750.11000,214
2022-06-04 09:45:00,29685.21000,29724.97000,29685.21000,29724.96000,126
2022-06-04 09:30:00,29738.26000,29738.26000,29673.64000,29685.21000,317
2022-06-04 09:15:00,29765.84000,29771.32000,29731.37000,29738.26000,237
2022-06-04 09:00:00,29750.03000,29765.85000,29732.41000,29765.85000,202
2022-06-04 08:45:00,29776.47000,29777.30000,29740.87000,29750.03000,149
2022-06-04 08:30:00,29730.42000,29800.00000,29730.42000,29776.47000,278
2022-06-04 08:15:00,29696.54000,29774.91000,29696.54000,29730.43000,237
2022-06-04 08:00:00,29700.96000,29717.54000,29681.16000,29696.54000,160
2022-06-04 07:45:00,29684.19000,29705.81000,29684.18000,29700.96000,97
2022-06-04 07:30:00,29668.84000,29703.24000,29668.84000,29684.18000,133
2022-06-04 07:15:00,29653.10000,29679.59000,29653.09000,29668.84000,113
2022-06-04 07:00:00,29694.90000,29694.91000,29646.27000,29653.09000,133
2022-06-04 06:45:00,29702.84000,29714.00000,29681.74000,29694.90000,148
2022-06-04 06:30:00,29691.86000,29708.19000,29673.16000,29702.84000,139
2022-06-04 06:15:00,29677.08000,29708.59000,29655.38000,29691.86000,165
2022-06-04 06:00:00,29682.11000,29713.62000,29659.34000,29677.07000,158
2022-06-04 05:45:00,29670.88000,29693.62000,29670.88000,29682.10000,86
2022-06-04 05:30:00,29683.42000,29683.43000,29654.87000,29670.89000,112
2022-06-04 05:15:00,29684.64000,29690.94000,29680.85000,29683.43000,69
2022-06-04 05:00:00,29715.67000,29723.49000,29680.84000,29684.64000,135
2022-06-04 04:45:00,29676.16000,29728.77000,29674.96000,29715.67000,204
2022-06-04 04:30:00,29656.73000,29714.41000,29649.08000,29676.16000,199
2022-06-04 04:15:00,29713.04000,29722.88000,29651.07000,29656.72000,323
2022-06-04 04:00:00,29560.12000,29734.49000,29546.78000,29713.03000,821
2022-06-04 03:45:00,29588.70000,29588.70000,29549.55000,29560.12000,161
2022-06-04 03:30:00,29599.35000,29600.00000,29578.95000,29588.70000,184
2022-06-04 03:15:00,29590.50000,29600.00000,29578.94000,29599.36000,265
2022-06-04 03:00:00,29568.26000,29643.55000,29556.93000,29590.50000,614
2022-06-04 02:45:00,29505.77000,29577.48000,29505.77000,29568.26000,172
2022-06-04 02:30:00,29502.64000,29531.87000,29500.00000,29505.78000,517
2022-06-04 02:15:00,29548.69000,29560.15000,29500.00000,29502.65000,1211
2022-06-04 02:00:00,29584.26000,29619.15000,29545.30000,29548.68000,311
2022-06-04 01:45:00,29599.44000,29624.57000,29559.45000,29584.26000,240
2022-06-04 01:30:00,29570.41000,29614.34000,29567.48000,29599.44000,212
2022-06-04 01:15:00,29591.43000,29636.97000,29570.41000,29570.41000,217
2022-06-04 01:00:00,29717.59000,29747.13000,29546.86000,29591.42000,625
2022-06-04 00:45:00,29731.85000,29731.86000,29687.02000,29717.59000,169
2022-06-04 00:30:00,29752.76000,29763.35000,29721.39000,29731.86000,135
2022-06-04 00:15:00,29747.74000,29756.95000,29719.10000,29752.75000,152
2022-06-04 00:00:00,29700.21000,29753.75000,29680.36000,29747.74000,261
2022-06-03 23:45:00,29691.95000,29733.95000,29661.95000,29700.21000,282
2022-06-03 23:30:00,29679.96000,29698.92000,29648.20000,29691.96000,213
2022-06-03 23:15:00,29701.97000,29707.78000,29672.29000,29679.95000,235
2022-06-03 23:00:00,29730.41000,29744.21000,29690.09000,29701.97000,195
2022-06-03 22:45:00,29732.32000,29762.12000,29704.81000,29730.41000,194
2022-06-03 22:30:00,29824.11000,29824.11000,29706.44000,29732.32000,216
2022-06-03 22:15:00,29854.72000,29861.37000,29802.96000,29824.11000,269
2022-06-03 22:00:00,29807.10000,29887.56000,29777.56000,29854.73000,527
2022-06-03 21:45:00,29778.08000,29863.25000,29721.43000,29807.10000,487
2022-06-03 21:30:00,29740.01000,29790.33000,29712.55000,29778.08000,182
2022-06-03 21:15:00,29716.17000,29753.03000,29711.21000,29740.01000,199
2022-06-03 21:00:00,29662.43000,29728.37000,29652.24000,29716.17000,219
2022-06-03 20:45:00,29661.52000,29741.76000,29641.46000,29662.43000,381
2022-06-03 20:30:00,29626.51000,29673.84000,29615.59000,29661.53000,211
2022-06-03 20:15:00,29614.15000,29650.60000,29598.04000,29626.51000,158
2022-06-03 20:00:00,29572.52000,29650.60000,29558.30000,29614.14000,336
2022-06-03 19:45:00,29579.83000,29620.00000,29560.41000,29572.52000,311
2022-06-03 19:30:00,29566.94000,29585.34000,29510.00000,29579.83000,304
2022-06-03 19:15:00,29547.65000,29566.95000,29491.09000,29566.95000,291
2022-06-03 19:00:00,29549.97000,29609.19000,29526.15000,29547.65000,467
2022-06-03 18:45:00,29547.35000,29557.60000,29504.75000,29549.97000,311
2022-06-03 18:30:00,29559.99000,29560.00000,29517.42000,29547.34000,254
2022-06-03 18:15:00,29487.65000,29560.00000,29465.40000,29560.00000,344
2022-06-03 18:00:00,29507.85000,29535.22000,29468.38000,29487.64000,350
2022-06-03 17:45:00,29453.95000,29529.62000,29436.30000,29507.86000,299
2022-06-03 17:30:00,29520.35000,29568.10000,29441.71000,29453.96000,693
2022-06-03 17:15:00,29500.00000,29541.95000,29465.40000,29520.35000,452
2022-06-03 17:00:00,29544.19000,29677.14000,29485.37000,29500.01000,870
2022-06-03 16:45:00,29502.23000,29558.16000,29471.50000,29544.18000,398
2022-06-03 16:30:00,29463.76000,29553.99000,29448.66000,29502.22000,448
2022-06-03 16:15:00,29493.65000,29520.06000,29401.00000,29463.77000,490
2022-06-03 16:00:00,29506.25000,29542.11000,29450.02000,29493.65000,474
2022-06-03 15:45:00,29467.91000,29526.15000,29429.09000,29506.24000,483
2022-06-03 15:30:00,29478.22000,29576.35000,29452.43000,29467.91000,823
2022-06-03 15:15:00,29363.42000,29482.38000,29358.75000,29478.22000,552
2022-06-03 15:00:00,29478.65000,29478.65000,29339.63000,29363.42000,818
2022-06-03 14:45:00,29413.73000,29526.39000,29282.36000,29478.65000,1590
2022-06-03 14:30:00,29598.37000,29645.39000,29345.00000,29413.74000,1437
2022-06-03 14:15:00,29667.86000,29667.86000,29565.51000,29598.37000,810
2022-06-03 14:00:00,29722.18000,29767.62000,29592.00000,29667.86000,1190
2022-06-03 13:45:00,29606.21000,29730.00000,29567.71000,29722.17000,1344
2022-06-03 13:30:00,29578.04000,29773.50000,29542.20000,29606.21000,1847
2022-06-03 13:15:00,29592.13000,29694.22000,29578.04000,29578.05000,954
2022-06-03 13:00:00,29531.35000,29656.00000,29439.71000,29592.13000,1413
2022-06-03 12:45:00,29588.01000,29669.89000,29486.10000,29531.45000,1814
2022-06-03 12:30:00,29757.59000,29889.49000,29525.42000,29588.01000,3184
2022-06-03 12:15:00,29833.51000,29852.17000,29686.23000,29757.59000,872
2022-06-03 12:00:00,29758.20000,29844.67000,29727.17000,29833.51000,643
2022-06-03 11:45:00,29748.01000,29805.13000,29680.00000,29758.19000,851
2022-06-03 11:30:00,29761.43000,29954.67000,29726.55000,29748.01000,920
2022-06-03 11:15:00,29756.09000,29802.58000,29687.10000,29761.42000,654
2022-06-03 11:00:00,29821.30000,29883.90000,29682.18000,29756.10000,1098
2022-06-03 10:45:00,29809.40000,29877.61000,29745.37000,29821.30000,927
2022-06-03 10:30:00,30004.30000,30005.92000,29794.00000,29809.39000,1196
2022-06-03 10:15:00,30133.07000,30163.56000,29944.76000,30004.30000,1586
2022-06-03 10:00:00,30249.99000,30268.05000,30131.05000,30133.08000,510
2022-06-03 09:45:00,30199.84000,30288.07000,30156.41000,30250.00000,689
2022-06-03 09:30:00,30230.94000,30253.65000,30164.94000,30199.84000,618
2022-06-03 09:15:00,30340.82000,30368.60000,30183.89000,30230.94000,1076
2022-06-03 09:00:00,30440.97000,30475.48000,30340.00000,30340.82000,414
2022-06-03 08:45:00,30417.09000,30442.19000,30417.09000,30440.97000,274
2022-06-03 08:30:00,30475.91000,30520.00000,30417.09000,30417.10000,289
2022-06-03 08:15:00,30507.19000,30522.94000,30466.53000,30475.92000,286
2022-06-03 08:00:00,30443.70000,30529.07000,30393.46000,30507.20000,686
2022-06-03 07:45:00,30452.49000,30489.71000,30434.12000,30443.74000,349
2022-06-03 07:30:00,30405.06000,30467.17000,30367.24000,30452.50000,431
2022-06-03 07:15:00,30414.07000,30434.48000,30347.15000,30405.07000,428
2022-06-03 07:00:00,30363.07000,30414.08000,30282.29000,30414.07000,598
2022-06-03 06:45:00,30473.26000,30501.20000,30363.07000,30363.08000,357
2022-06-03 06:30:00,30468.70000,30492.25000,30455.00000,30473.27000,168
2022-06-03 06:15:00,30511.99000,30512.00000,30444.57000,30468.69000,274
2022-06-03 06:00:00,30540.64000,30543.95000,30511.32000,30511.99000,235
2022-06-03 05:45:00,30540.18000,30561.32000,30510.01000,30540.64000,247
2022-06-03 05:30:00,30537.49000,30555.00000,30522.13000,30540.18000,239
2022-06-03 05:15:00,30467.56000,30549.94000,30457.06000,30537.49000,313
2022-06-03 05:00:00,30425.01000,30473.66000,30413.08000,30467.56000,242
2022-06-03 04:45:00,30496.50000,30509.78000,30422.62000,30425.00000,277
2022-06-03 04:30:00,30487.61000,30519.17000,30463.46000,30496.50000,260
2022-06-03 04:15:00,30475.87000,30487.72000,30448.97000,30487.61000,278
2022-06-03 04:00:00,30529.96000,30547.20000,30427.61000,30475.88000,381
2022-06-03 03:45:00,30492.98000,30542.07000,30487.87000,30529.96000,225
2022-06-03 03:30:00,30484.13000,30544.72000,30468.17000,30492.99000,312
2022-06-03 03:15:00,30514.40000,30524.78000,30469.02000,30484.13000,325
2022-06-03 03:00:00,30549.77000,30562.15000,30513.87000,30514.39000,252
2022-06-03 02:45:00,30572.30000,30572.31000,30532.34000,30549.76000,234
2022-06-03 02:30:00,30579.54000,30599.90000,30539.96000,30572.31000,364
2022-06-03 02:15:00,30589.65000,30600.06000,30562.79000,30579.54000,223
2022-06-03 02:00:00,30628.39000,30667.33000,30588.00000,30589.65000,282
2022-06-03 01:45:00,30612.91000,30647.60000,30536.78000,30628.38000,424
2022-06-03 01:30:00,30493.16000,30699.00000,30430.29000,30612.90000,945
2022-06-03 01:15:00,30481.13000,30497.00000,30464.20000,30493.17000,286
2022-06-03 01:00:00,30401.53000,30510.54000,30384.92000,30481.13000,409
2022-06-03 00:45:00,30391.13000,30434.29000,30371.06000,30401.53000,310
2022-06-03 00:30:00,30472.32000,30500.98000,30385.43000,30391.14000,343
2022-06-03 00:15:00,30400.67000,30515.20000,30359.54000,30472.32000,615
2022-06-03 00:00:00,30452.63000,30480.00000,30383.67000,30400.67000,486
2022-06-02 23:45:00,30528.25000,30534.22000,30433.05000,30452.62000,356
2022-06-02 23:30:00,30642.78000,30642.79000,30517.61000,30528.26000,365
2022-06-02 23:15:00,30570.80000,30642.79000,30533.60000,30642.78000,457
2022-06-02 23:00:00,30482.95000,30584.62000,30473.57000,30570.79000,507
2022-06-02 22:45:00,30558.23000,30570.45000,30481.12000,30482.95000,372
2022-06-02 22:30:00,30440.42000,30595.26000,30399.40000,30558.22000,549
2022-06-02 22:15:00,30476.78000,30572.88000,30413.80000,30440.41000,737
2022-06-02 22:00:00,30367.37000,30689.00000,30324.10000,30476.77000,1767
2022-06-02 21:45:00,30303.79000,30382.69000,30279.43000,30367.37000,188
2022-06-02 21:30:00,30318.47000,30377.71000,30287.51000,30303.79000,164
2022-06-02 21:15:00,30282.53000,30325.19000,30271.44000,30318.47000,159
2022-06-02 21:00:00,30243.74000,30295.47000,30235.70000,30282.52000,178
2022-06-02 20:45:00,30323.22000,30323.23000,30243.15000,30243.74000,479
2022-06-02 20:30:00,30313.98000,30330.95000,30270.97000,30323.22000,228
2022-06-02 20:15:00,30314.49000,30337.48000,30305.83000,30313.98000,249
2022-06-02 20:00:00,30293.00000,30389.56000,30258.66000,30314.48000,337
2022-06-02 19:45:00,30227.76000,30301.14000,30194.97000,30293.01000,493
2022-06-02 19:30:00,30143.84000,30227.76000,30131.03000,30227.76000,337
2022-06-02 19:15:00,30131.01000,30200.00000,30068.96000,30143.84000,502
2022-06-02 19:00:00,30138.74000,30163.48000,30080.89000,30131.01000,416
2022-06-02 18:45:00,30216.56000,30230.61000,29977.45000,30138.75000,924
2022-06-02 18:30:00,30232.95000,30258.96000,30191.67000,30216.57000,253
2022-06-02 18:15:00,30280.23000,30330.00000,30219.09000,30232.95000,420
2022-06-02 18:00:00,30193.95000,30283.13000,30166.56000,30280.23000,378
2022-06-02 17:45:00,30223.80000,30254.53000,30166.42000,30193.95000,561
2022-06-02 17:30:00,30248.59000,30288.54000,30176.11000,30223.80000,548
2022-06-02 17:15:00,30266.92000,30294.43000,30202.98000,30248.60000,532
2022-06-02 17:00:00,30294.45000,30353.51000,30232.44000,30266.91000,520
2022-06-02 16:45:00,30304.81000,30332.20000,30226.52000,30294.44000,599
2022-06-02 16:30:00,30260.69000,30354.74000,30221.70000,30304.80000,626
2022-06-02 16:15:00,30343.20000,30408.54000,30187.38000,30260.69000,738
2022-06-02 16:00:00,30212.73000,30357.10000,30184.72000,30343.21000,729
2022-06-02 15:45:00,30313.49000,30355.98000,30177.41000,30212.73000,809
2022-06-02 15:30:00,30301.85000,30387.84000,30204.17000,30313.50000,921
2022-06-02 15:15:00,30210.10000,30360.46000,30141.63000,30301.85000,1075
2022-06-02 15:00:00,30052.08000,30233.86000,30040.97000,30210.09000,1389
2022-06-02 14:45:00,29983.74000,30080.55000,29915.39000,30052.08000,1086
2022-06-02 14:30:00,29867.95000,29999.00000,29828.89000,29983.75000,1020
2022-06-02 14:15:00,30076.22000,30121.04000,29768.27000,29867.95000,1473
2022-06-02 14:00:00,29895.29000,30144.93000,29855.89000,30076.22000,1683
2022-06-02 13:45:00,30217.86000,30230.22000,29762.30000,29895.28000,1910
2022-06-02 13:30:00,29847.73000,30251.96000,29714.16000,30217.86000,2964
2022-06-02 13:15:00,29755.09000,29915.77000,29597.01000,29847.72000,1866
2022-06-02 13:00:00,30089.29000,30098.76000,29715.31000,29755.08000,1487
2022-06-02 12:45:00,30071.19000,30132.25000,30055.03000,30089.29000,366
2022-06-02 12:30:00,30117.00000,30145.36000,30051.36000,30071.18000,448
2022-06-02 12:15:00,30110.27000,30167.27000,30083.34000,30116.99000,596
2022-06-02 12:00:00,30173.66000,30186.64000,30099.09000,30110.28000,477
2022-06-02 11:45:00,30087.50000,30210.18000,30071.60000,30173.67000,834
2022-06-02 11:30:00,30104.07000,30121.96000,30043.40000,30087.49000,384
2022-06-02 11:15:00,30028.01000,30113.24000,29986.44000,30104.07000,600
2022-06-02 11:00:00,30034.37000,30036.65000,29961.04000,30028.01000,416
2022-06-02 10:45:00,30067.19000,30171.82000,29865.00000,30034.37000,1139
2022-06-02 10:30:00,29916.18000,30068.55000,29910.72000,30067.18000,485
2022-06-02 10:15:00,29973.32000,29976.76000,29911.14000,29916.18000,283
2022-06-02 10:00:00,29934.50000,29973.32000,29934.50000,29973.32000,229
2022-06-02 09:45:00,29915.75000,29961.08000,29898.71000,29934.50000,297
2022-06-02 09:30:00,29994.68000,30019.23000,29871.00000,29915.75000,495
2022-06-02 09:15:00,29958.95000,29994.69000,29947.50000,29994.69000,292
2022-06-02 09:00:00,29938.47000,29963.86000,29917.35000,29958.94000,382
2022-06-02 08:45:00,29949.75000,29978.91000,29938.47000,29938.48000,278
2022-06-02 08:30:00,29970.76000,30005.60000,29943.43000,29949.75000,300
2022-06-02 08:15:00,29959.82000,30020.84000,29944.35000,29970.75000,523
2022-06-02 08:00:00,29968.27000,29995.72000,29914.14000,29959.82000,406
2022-06-02 07:45:00,30010.73000,30010.73000,29963.20000,29968.26000,401
2022-06-02 07:30:00,30068.51000,30087.02000,29960.71000,30010.72000,728
2022-06-02 07:15:00,29924.28000,30123.35000,29901.01000,30068.52000,1169
2022-06-02 07:00:00,29915.24000,29991.75000,29915.06000,29924.28000,513
2022-06-02 06:45:00,29863.49000,29951.73000,29863.48000,29915.24000,487
2022-06-02 06:30:00,29834.95000,29863.49000,29806.79000,29863.49000,330
2022-06-02 06:15:00,29870.49000,29870.50000,29826.28000,29834.95000,177
2022-06-02 06:00:00,29875.72000,29883.93000,29863.59000,29870.50000,217
2022-06-02 05:45:00,29863.06000,29885.29000,29831.05000,29875.72000,409
2022-06-02 05:30:00,29744.31000,29873.26000,29744.30000,29863.07000,372
2022-06-02 05:15:00,29703.69000,29753.32000,29683.82000,29744.31000,374
2022-06-02 05:00:00,29817.24000,29819.86000,29702.58000,29703.69000,388
2022-06-02 04:45:00,29807.59000,29819.42000,29791.36000,29817.24000,265
2022-06-02 04:30:00,29749.62000,29824.11000,29749.61000,29807.58000,241
2022-06-02 04:15:00,29683.58000,29753.09000,29650.93000,29749.61000,264
2022-06-02 04:00:00,29730.12000,29774.67000,29680.70000,29683.58000,452
2022-06-02 03:45:00,29773.64000,29783.08000,29703.05000,29730.12000,415
2022-06-02 03:30:00,29789.30000,29809.45000,29729.20000,29773.65000,383
2022-06-02 03:15:00,29776.79000,29844.67000,29747.06000,29789.30000,482
2022-06-02 03:00:00,29826.16000,29856.93000,29758.19000,29776.78000,409
2022-06-02 02:45:00,29845.62000,29862.95000,29792.20000,29826.16000,313
2022-06-02 02:30:00,29833.18000,29903.74000,29783.87000,29845.63000,387
2022-06-02 02:15:00,29855.29000,29861.57000,29820.00000,29833.17000,264
2022-06-02 02:00:00,29811.90000,29855.30000,29778.12000,29855.29000,326
2022-06-02 01:45:00,29833.45000,29882.89000,29811.09000,29811.89000,350
2022-06-02 01:30:00,29769.31000,29888.02000,29748.69000,29833.46000,476
2022-06-02 01:15:00,29796.43000,29825.63000,29753.43000,29769.32000,450
2022-06-02 01:00:00,29680.01000,29807.06000,29640.18000,29796.42000,465
2022-06-02 00:45:00,29679.54000,29817.89000,29628.83000,29680.00000,685
2022-06-02 00:30:00,29769.92000,29784.24000,29594.55000,29679.55000,752
2022-06-02 00:15:00,29704.00000,29769.93000,29616.40000,29769.92000,745
2022-06-02 00:00:00,29805.84000,29814.26000,29693.79000,29704.00000,643
2022-06-01 23:45:00,29826.79000,29861.50000,29777.62000,29805.83000,550
2022-06-01 23:30:00,29917.14000,29927.32000,29811.09000,29826.78000,512
2022-06-01 23:15:00,29915.36000,29963.12000,29803.79000,29917.14000,876
2022-06-01 23:00:00,29747.17000,30074.95000,29728.80000,29915.36000,1710
2022-06-01 22:45:00,29726.90000,29769.61000,29717.02000,29747.16000,437
2022-06-01 22:30:00,29693.76000,29749.03000,29654.63000,29726.90000,513
2022-06-01 22:15:00,29545.37000,29693.76000,29528.04000,29693.76000,481
2022-06-01 22:00:00,29592.92000,29622.16000,29519.58000,29545.36000,658
2022-06-01 21:45:00,29723.66000,29723.67000,29576.72000,29592.93000,476
2022-06-01 21:30:00,29710.24000,29723.67000,29624.99000,29723.66000,346
2022-06-01 21:15:00,29742.51000,29748.63000,29666.15000,29710.24000,399
2022-06-01 21:00:00,29636.10000,29772.15000,29600.00000,29742.51000,790
2022-06-01 20:45:00,29512.25000,29734.58000,29488.00000,29636.09000,2926
2022-06-01 20:30:00,29623.21000,29630.25000,29301.00000,29512.25000,3516
2022-06-01 20:15:00,30033.58000,30060.82000,29515.00000,29623.21000,4251
2022-06-01 20:00:00,30126.71000,30162.44000,30000.00000,30033.58000,2727
2022-06-01 19:45:00,30311.37000,30321.12000,30002.92000,30126.72000,3412
2022-06-01 19:30:00,30171.54000,30351.74000,30149.98000,30311.37000,1091
2022-06-01 19:15:00,30216.39000,30310.89000,30132.64000,30171.54000,937
2022-06-01 19:00:00,30167.69000,30232.97000,30007.04000,30216.40000,1294
2022-06-01 18:45:00,30425.88000,30433.41000,30119.41000,30167.69000,1578
2022-06-01 18:30:00,30337.09000,30445.00000,30213.89000,30425.89000,1307
2022-06-01 18:15:00,30206.51000,30405.00000,30125.52000,30337.09000,1431
2022-06-01 18:00:00,30179.68000,30270.36000,30132.20000,30206.50000,1236
2022-06-01 17:45:00,30145.62000,30228.63000,30062.89000,30179.67000,1340
2022-06-01 17:30:00,30059.80000,30241.66000,29986.20000,30145.61000,1779
2022-06-01 17:15:00,30270.87000,30291.27000,29901.29000,30059.81000,5825
2022-06-01 17:00:00,30419.62000,30429.71000,30100.00000,30270.87000,2572
2022-06-01 16:45:00,30416.25000,30460.86000,30291.67000,30419.62000,1489
2022-06-01 16:30:00,30404.82000,30501.00000,30304.99000,30416.25000,4232
2022-06-01 16:15:00,30642.67000,30669.73000,30398.30000,30404.82000,4741
2022-06-01 16:00:00,30742.59000,30744.19000,30556.07000,30642.67000,3663
2022-06-01 15:45:00,30785.91000,30877.25000,30717.05000,30742.59000,1621
2022-06-01 15:30:00,30918.52000,30950.00000,30600.00000,30785.91000,4253
2022-06-01 15:15:00,31191.14000,31191.15000,30721.00000,30918.51000,3276
2022-06-01 15:00:00,31172.48000,31239.14000,31058.40000,31191.15000,1128
2022-06-01 14:45:00,31168.70000,31320.63000,31007.16000,31172.49000,1476
2022-06-01 14:30:00,31356.03000,31410.00000,30955.00000,31168.69000,3007
2022-06-01 14:15:00,31540.01000,31543.04000,31337.00000,31356.02000,1452
2022-06-01 14:00:00,31739.44000,31819.02000,31540.00000,31540.01000,1264
2022-06-01 13:45:00,31750.79000,31756.36000,31649.43000,31739.45000,915
2022-06-01 13:30:00,31841.81000,31901.34000,31713.47000,31750.80000,1211
2022-06-01 13:15:00,31827.90000,31874.24000,31759.79000,31841.81000,713
2022-06-01 13:00:00,31727.65000,31835.24000,31678.46000,31827.90000,588
2022-06-01 12:45:00,31786.31000,31846.27000,31701.52000,31727.65000,629
2022-06-01 12:30:00,31660.17000,31828.00000,31600.86000,31786.31000,1046
2022-06-01 12:15:00,31559.42000,31660.18000,31533.66000,31660.17000,529
2022-06-01 12:00:00,31609.15000,31644.07000,31542.07000,31559.41000,493
2022-06-01 11:45:00,31462.61000,31626.70000,31448.80000,31609.16000,574
2022-06-01 11:30:00,31515.94000,31586.76000,31452.72000,31462.60000,630
2022-06-01 11:15:00,31661.83000,31670.69000,31444.00000,31515.95000,837
2022-06-01 11:00:00,31552.99000,31664.62000,31539.73000,31661.83000,362
2022-06-01 10:45:00,31569.51000,31570.15000,31546.94000,31553.00000,283
2022-06-01 10:30:00,31592.98000,31607.47000,31540.46000,31569.51000,316
2022-06-01 10:15:00,31636.63000,31638.85000,31582.77000,31592.98000,265
2022-06-01 10:00:00,31696.00000,31709.99000,31597.93000,31636.62000,533
2022-06-01 09:45:00,31691.50000,31696.00000,31671.82000,31695.99000,229
2022-06-01 09:30:00,31688.81000,31708.39000,31666.75000,31691.51000,266
2022-06-01 09:15:00,31623.34000,31700.00000,31614.62000,31688.81000,368
2022-06-01 09:00:00,31624.90000,31644.00000,31614.00000,31623.35000,322
2022-06-01 08:45:00,31596.11000,31640.01000,31588.01000,31624.91000,456
2022-06-01 08:30:00,31574.71000,31647.31000,31565.30000,31596.12000,667
2022-06-01 08:15:00,31513.88000,31580.00000,31513.87000,31574.70000,416
2022-06-01 08:00:00,31482.42000,31527.08000,31450.00000,31513.87000,464
2022-06-01 07:45:00,31491.81000,31543.69000,31474.40000,31482.43000,435
2022-06-01 07:30:00,31557.47000,31619.13000,31481.96000,31491.81000,449
2022-06-01 07:15:00,31581.07000,31589.99000,31514.90000,31557.47000,304
2022-06-01 07:00:00,31584.62000,31642.68000,31530.59000,31581.07000,504
2022-06-01 06:45:00,31599.04000,31600.00000,31570.01000,31584.62000,184
2022-06-01 06:30:00,31656.84000,31660.90000,31568.69000,31599.04000,303
2022-06-01 06:15:00,31626.66000,31656.84000,31588.87000,31656.84000,279
2022-06-01 06:00:00,31622.28000,31669.01000,31600.12000,31626.66000,291
2022-06-01 05:45:00,31587.98000,31626.93000,31580.23000,31622.28000,295
2022-06-01 05:30:00,31543.59000,31623.52000,31445.76000,31587.98000,519
2022-06-01 05:15:00,31583.41000,31594.97000,31508.88000,31543.58000,272
2022-06-01 05:00:00,31566.60000,31611.09000,31533.77000,31583.41000,206
2022-06-01 04:45:00,31553.09000,31614.15000,31553.09000,31566.60000,295
2022-06-01 04:30:00,31502.03000,31598.63000,31501.57000,31553.10000,285
2022-06-01 04:15:00,31474.13000,31563.13000,31474.13000,31502.03000,682
2022-06-01 04:00:00,31627.29000,31670.00000,31371.45000,31474.14000,1265
2022-06-01 03:45:00,31649.13000,31668.70000,31614.01000,31627.30000,549
2022-06-01 03:30:00,31726.53000,31726.54000,31640.27000,31649.12000,485
2022-06-01 03:15:00,31732.90000,31760.75000,31680.24000,31726.54000,471
2022-06-01 03:00:00,31806.71000,31806.72000,31729.22000,31732.91000,430
2022-06-01 02:45:00,31830.00000,31834.39000,31731.01000,31806.72000,486
2022-06-01 02:30:00,31776.06000,31840.53000,31767.45000,31830.01000,323
2022-06-01 02:15:00,31883.20000,31883.20000,31742.02000,31776.06000,561
2022-06-01 02:00:00,31926.13000,31926.13000,31872.14000,31883.19000,275
2022-06-01 01:45:00,31846.56000,31926.13000,31836.99000,31926.12000,330
2022-06-01 01:30:00,31907.46000,31935.00000,31842.84000,31846.57000,274
2022-06-01 01:15:00,31916.80000,31933.05000,31843.90000,31907.46000,330
2022-06-01 01:00:00,31936.53000,31947.26000,31878.89000,31916.80000,344
2022-06-01 00:45:00,31943.90000,31978.95000,31889.70000,31936.54000,402
2022-06-01 00:30:00,31825.98000,31982.97000,31795.62000,31943.91000,528
2022-06-01 00:15:00,31763.68000,31876.01000,31688.01000,31825.98000,720
2022-06-01 00:00:00,31801.05000,31889.58000,31715.51000,31763.68000,585
2022-05-31 23:45:00,31834.00000,31915.16000,31770.29000,31801.04000,347
2022-05-31 23:30:00,31877.40000,31936.50000,31834.00000,31834.00000,331
2022-05-31 23:15:00,31840.82000,31892.70000,31831.27000,31877.40000,231
2022-05-31 23:00:00,31869.27000,31890.00000,31831.76000,31840.83000,292
2022-05-31 22:45:00,31834.76000,31895.01000,31819.85000,31869.28000,404
2022-05-31 22:30:00,31792.34000,31845.84000,31791.75000,31834.75000,294
2022-05-31 22:15:00,31693.34000,31845.07000,31683.90000,31792.34000,362
2022-05-31 22:00:00,31720.00000,31765.41000,31684.03000,31693.35000,382
2022-05-31 21:45:00,31746.20000,31773.97000,31657.26000,31720.01000,289
2022-05-31 21:30:00,31767.42000,31805.17000,31724.43000,31746.20000,176
2022-05-31 21:15:00,31779.64000,31800.00000,31747.45000,31767.43000,205
2022-05-31 21:00:00,31813.65000,31831.94000,31741.95000,31779.63000,296
2022-05-31 20:45:00,31699.29000,31813.65000,31668.41000,31813.65000,366
2022-05-31 20:30:00,31725.35000,31750.00000,31688.52000,31699.28000,205
2022-05-31 20:15:00,31731.94000,31743.17000,31675.04000,31725.35000,206
2022-05-31 20:00:00,31625.71000,31749.36000,31584.29000,31731.93000,499
2022-05-31 19:45:00,31622.27000,31699.54000,31570.53000,31625.71000,1432
2022-05-31 19:30:00,31705.19000,31783.93000,31617.94000,31622.26000,535
2022-05-31 19:15:00,31709.01000,31784.70000,31678.22000,31705.20000,551
2022-05-31 19:00:00,31682.09000,31730.00000,31610.00000,31709.01000,695
2022-05-31 18:45:00,31816.41000,31825.32000,31592.33000,31682.91000,1324
2022-05-31 18:30:00,32071.96000,32074.54000,31764.57000,31816.41000,1022
2022-05-31 18:15:00,32110.49000,32144.51000,32030.42000,32071.97000,589
2022-05-31 18:00:00,32122.09000,32161.99000,32065.31000,32110.49000,687
2022-05-31 17:45:00,31969.83000,32149.20000,31961.16000,32122.09000,590
2022-05-31 17:30:00,31973.96000,32047.94000,31937.03000,31969.84000,681
2022-05-31 17:15:00,32131.37000,32132.97000,31891.03000,31973.97000,1044
2022-05-31 17:00:00,32158.04000,32197.25000,32066.13000,32131.38000,689
2022-05-31 16:45:00,32300.96000,32358.21000,32143.93000,32158.03000,983
2022-05-31 16:30:00,32098.77000,32399.00000,31983.00000,32300.96000,1807
2022-05-31 16:15:00,31842.96000,32120.00000,31839.67000,32098.78000,1423
2022-05-31 16:00:00,32058.52000,32233.77000,31842.96000,31842.97000,1909
2022-05-31 15:45:00,31781.19000,32181.37000,31781.19000,32058.53000,2553
2022-05-31 15:30:00,31655.05000,31792.42000,31577.71000,31781.19000,790
2022-05-31 15:15:00,31606.69000,31707.03000,31560.00000,31655.06000,503
2022-05-31 15:00:00,31684.45000,31726.20000,31558.82000,31606.68000,612
2022-05-31 14:45:00,31665.36000,31740.00000,31631.06000,31684.45000,757
2022-05-31 14:30:00,31500.00000,31681.41000,31490.23000,31665.37000,904
2022-05-31 14:15:00,31434.65000,31634.47000,31403.35000,31499.99000,1201
2022-05-31 14:00:00,31392.79000,31434.65000,31226.01000,31428.54000,1544
2022-05-31 13:45:00,31365.94000,31476.24000,31310.00000,31392.79000,1353
2022-05-31 13:30:00,31843.70000,31849.73000,31200.01000,31365.81000,3043
2022-05-31 13:15:00,31725.28000,31927.58000,31693.79000,31843.70000,1002
2022-05-31 13:00:00,31613.68000,31732.44000,31613.67000,31725.28000,451
2022-05-31 12:45:00,31594.39000,31626.91000,31547.93000,31613.68000,594
2022-05-31 12:30:00,31706.86000,31719.99000,31581.56000,31594.40000,558
2022-05-31 12:15:00,31771.67000,31803.62000,31671.17000,31706.85000,496
2022-05-31 12:00:00,31766.99000,31771.68000,31740.00000,31771.67000,361
2022-05-31 11:45:00,31820.48000,31835.08000,31730.40000,31767.00000,357
2022-05-31 11:30:00,31804.31000,31842.69000,31765.01000,31820.49000,511
2022-05-31 11:15:00,31745.61000,31820.78000,31703.03000,31804.32000,411
2022-05-31 11:00:00,31670.00000,31796.66000,31662.62000,31745.62000,712
2022-05-31 10:45:00,31676.08000,31698.34000,31650.60000,31669.99000,438
2022-05-31 10:30:00,31629.33000,31680.00000,31615.70000,31676.08000,388
2022-05-31 10:15:00,31619.11000,31667.62000,31594.52000,31629.32000,439
2022-05-31 10:00:00,31546.01000,31619.12000,31518.39000,31619.11000,367
2022-05-31 09:45:00,31517.93000,31572.13000,31496.09000,31546.01000,466
2022-05-31 09:30:00,31596.84000,31619.77000,31515.94000,31517.94000,513
2022-05-31 09:15:00,31607.25000,31607.26000,31521.41000,31596.84000,489
2022-05-31 09:00:00,31624.82000,31640.77000,31528.60000,31607.25000,361
2022-05-31 08:45:00,31654.31000,31726.18000,31617.73000,31624.82000,395
2022-05-31 08:30:00,31681.79000,31683.37000,31629.80000,31654.30000,286
2022-05-31 08:15:00,31614.81000,31688.81000,31614.80000,31681.80000,410
2022-05-31 08:00:00,31573.76000,31692.21000,31570.12000,31614.80000,657
2022-05-31 07:45:00,31569.53000,31585.00000,31505.52000,31573.77000,322
2022-05-31 07:30:00,31576.22000,31585.14000,31540.51000,31569.54000,269
2022-05-31 07:15:00,31535.01000,31585.14000,31498.84000,31576.22000,352
2022-05-31 07:00:00,31499.46000,31563.52000,31480.95000,31535.01000,537
2022-05-31 06:45:00,31560.02000,31577.25000,31434.66000,31499.46000,673
2022-05-31 06:30:00,31567.40000,31584.43000,31463.25000,31560.01000,834
2022-05-31 06:15:00,31631.96000,31641.58000,31527.21000,31567.40000,730
2022-05-31 06:00:00,31641.64000,31662.22000,31604.18000,31631.97000,480
2022-05-31 05:45:00,31660.01000,31699.00000,31640.00000,31641.63000,352
2022-05-31 05:30:00,31722.50000,31739.48000,31648.45000,31660.01000,414
2022-05-31 05:15:00,31663.49000,31735.57000,31658.93000,31722.50000,418
2022-05-31 05:00:00,31691.51000,31705.89000,31621.02000,31663.49000,342
2022-05-31 04:45:00,31669.99000,31711.98000,31668.28000,31691.50000,195
2022-05-31 04:30:00,31745.98000,31786.64000,31654.72000,31669.99000,334
2022-05-31 04:15:00,31800.01000,31800.67000,31737.36000,31745.98000,255
2022-05-31 04:00:00,31772.81000,31800.01000,31733.33000,31800.01000,395
2022-05-31 03:45:00,31698.19000,31835.73000,31680.04000,31772.82000,2996
2022-05-31 03:30:00,31675.71000,31701.27000,31627.79000,31698.20000,458
2022-05-31 03:15:00,31819.47000,31819.47000,31665.02000,31675.70000,558
2022-05-31 03:00:00,31695.54000,31823.49000,31690.64000,31819.47000,471
2022-05-31 02:45:00,31624.19000,31718.00000,31624.18000,31695.53000,419
2022-05-31 02:30:00,31676.40000,31676.40000,31600.22000,31624.18000,343
2022-05-31 02:15:00,31626.31000,31676.40000,31609.13000,31676.40000,266
2022-05-31 02:00:00,31558.69000,31626.31000,31520.87000,31626.30000,332
2022-05-31 01:45:00,31521.60000,31569.52000,31521.60000,31558.69000,358
2022-05-31 01:30:00,31569.33000,31619.38000,31440.52000,31521.61000,479
2022-05-31 01:15:00,31552.76000,31595.92000,31488.27000,31569.34000,496
2022-05-31 01:00:00,31573.74000,31590.34000,31520.31000,31552.75000,362
2022-05-31 00:45:00,31584.21000,31598.47000,31445.59000,31573.73000,771
2022-05-31 00:30:00,31664.96000,31668.77000,31564.38000,31584.22000,510
2022-05-31 00:15:00,31643.75000,31675.80000,31598.90000,31664.97000,971
2022-05-31 00:00:00,31734.23000,31861.55000,31637.94000,31643.76000,920
2022-05-30 23:45:00,31768.00000,31778.09000,31685.70000,31734.22000,643
2022-05-30 23:30:00,31802.63000,31804.64000,31690.68000,31768.00000,529
2022-05-30 23:15:00,31866.84000,31878.33000,31751.92000,31802.64000,678
2022-05-30 23:00:00,31768.45000,31894.60000,31623.17000,31866.84000,1027
2022-05-30 22:45:00,31698.50000,31769.00000,31666.43000,31768.45000,525
2022-05-30 22:30:00,31664.72000,31734.68000,31588.09000,31698.50000,929
2022-05-30 22:15:00,31640.77000,31694.81000,31400.00000,31664.72000,3496
2022-05-30 22:00:00,31807.99000,31912.79000,31619.98000,31640.78000,1333
2022-05-30 21:45:00,31603.72000,31887.31000,31600.00000,31807.98000,2979
2022-05-30 21:30:00,31682.00000,31828.46000,31595.60000,31603.72000,1773
2022-05-30 21:15:00,31338.42000,32222.00000,30992.34000,31682.01000,7033
2022-05-30 21:00:00,31277.18000,31409.58000,31220.68000,31338.42000,920
2022-05-30 20:45:00,31242.29000,31299.72000,31133.07000,31277.18000,680
2022-05-30 20:30:00,31307.84000,31414.39000,31093.99000,31242.28000,2826
2022-05-30 20:15:00,30755.79000,31438.48000,30754.27000,31307.85000,6943
2022-05-30 20:00:00,30643.10000,30769.88000,30500.00000,30755.78000,2999
2022-05-30 19:45:00,30701.45000,30709.73000,30586.27000,30643.11000,1857
2022-05-30 19:30:00,30746.47000,30878.10000,30701.44000,30701.45000,1651
2022-05-30 19:15:00,30760.03000,30760.04000,30725.87000,30746.47000,178
2022-05-30 19:00:00,30674.79000,30771.76000,30665.64000,30760.03000,264
2022-05-30 18:45:00,30716.39000,30717.00000,30674.79000,30674.80000,132
2022-05-30 18:30:00,30682.61000,30716.40000,30643.04000,30716.39000,239
2022-05-30 18:15:00,30706.26000,30709.59000,30663.07000,30682.61000,211
2022-05-30 18:00:00,30706.85000,30720.00000,30686.08000,30706.26000,213
2022-05-30 17:45:00,30750.03000,30780.00000,30700.76000,30706.84000,323
2022-05-30 17:30:00,30741.37000,30786.49000,30691.02000,30750.03000,401
2022-05-30 17:15:00,30645.79000,30773.92000,30645.46000,30741.36000,742
2022-05-30 17:00:00,30622.04000,30651.82000,30582.70000,30645.79000,321
2022-05-30 16:45:00,30643.43000,30714.22000,30576.67000,30622.04000,641
2022-05-30 16:30:00,30654.76000,30694.37000,30589.60000,30643.43000,494
2022-05-30 16:15:00,30610.00000,30690.00000,30566.54000,30654.76000,383
2022-05-30 16:00:00,30634.08000,30672.24000,30590.38000,30610.00000,389
2022-05-30 15:45:00,30616.69000,30679.00000,30590.34000,30634.08000,470
2022-05-30 15:30:00,30580.09000,30616.70000,30515.33000,30616.69000,495
2022-05-30 15:15:00,30580.55000,30590.45000,30500.12000,30580.00000,427
2022-05-30 15:00:00,30467.42000,30589.46000,30450.00000,30580.54000,539
2022-05-30 14:45:00,30458.51000,30517.97000,30440.20000,30467.42000,501
2022-05-30 14:30:00,30667.97000,30702.51000,30442.16000,30458.50000,596
2022-05-30 14:15:00,30601.84000,30709.79000,30587.59000,30667.97000,639
2022-05-30 14:00:00,30519.30000,30748.64000,30493.41000,30601.84000,1636
2022-05-30 13:45:00,30403.40000,30520.16000,30401.85000,30519.30000,608
2022-05-30 13:30:00,30352.83000,30450.61000,30322.07000,30403.40000,620
2022-05-30 13:15:00,30355.47000,30396.99000,30269.22000,30352.83000,1021
2022-05-30 13:00:00,30537.25000,30572.13000,30346.92000,30355.46000,819
2022-05-30 12:45:00,30436.76000,30581.07000,30407.98000,30537.25000,1154
2022-05-30 12:30:00,30473.59000,30535.57000,30354.47000,30436.77000,1439
2022-05-30 12:15:00,30752.26000,30931.00000,30455.95000,30473.59000,1803
2022-05-30 12:00:00,30665.38000,30785.00000,30647.42000,30752.25000,757
2022-05-30 11:45:00,30668.80000,30671.08000,30611.91000,30665.37000,398
2022-05-30 11:30:00,30688.45000,30705.05000,30654.86000,30668.81000,368
2022-05-30 11:15:00,30639.14000,30706.44000,30623.26000,30688.46000,574
2022-05-30 11:00:00,30596.27000,30659.71000,30581.52000,30639.14000,477
2022-05-30 10:45:00,30649.89000,30653.28000,30586.20000,30596.27000,310
2022-05-30 10:30:00,30627.57000,30681.25000,30556.63000,30649.88000,1171
2022-05-30 10:15:00,30626.67000,30654.27000,30600.60000,30627.58000,397
2022-05-30 10:00:00,30716.02000,30758.49000,30574.57000,30626.66000,946
2022-05-30 09:45:00,30664.03000,30738.88000,30664.02000,30716.03000,612
2022-05-30 09:30:00,30690.64000,30743.00000,30644.62000,30664.02000,739
2022-05-30 09:15:00,30617.05000,30697.38000,30600.00000,30690.64000,509
2022-05-30 09:00:00,30731.78000,30765.09000,30593.72000,30617.05000,981
2022-05-30 08:45:00,30680.41000,30736.00000,30669.17000,30731.78000,385
2022-05-30 08:30:00,30705.74000,30724.77000,30665.67000,30680.41000,419
2022-05-30 08:15:00,30597.00000,30733.57000,30597.00000,30705.74000,540
2022-05-30 08:00:00,30636.12000,30674.14000,30571.04000,30597.00000,517
2022-05-30 07:45:00,30628.27000,30668.62000,30618.05000,30636.12000,470
2022-05-30 07:30:00,30583.30000,30643.84000,30542.14000,30628.26000,708
2022-05-30 07:15:00,30613.52000,30644.83000,30583.29000,30583.30000,663
2022-05-30 07:00:00,30702.52000,30742.97000,30555.04000,30613.51000,1037
2022-05-30 06:45:00,30680.50000,30800.06000,30659.86000,30702.52000,840
2022-05-30 06:30:00,30592.01000,30821.42000,30584.12000,30680.50000,1294
2022-05-30 06:15:00,30572.52000,30928.71000,30541.77000,30592.01000,3369
2022-05-30 06:00:00,30462.08000,30589.00000,30421.19000,30572.51000,1649
2022-05-30 05:45:00,30331.38000,30479.87000,30297.05000,30462.09000,982
2022-05-30 05:30:00,30344.82000,30415.91000,30323.79000,30331.37000,651
2022-05-30 05:15:00,30378.33000,30386.61000,30335.09000,30344.82000,380
2022-05-30 05:00:00,30332.83000,30380.00000,30316.20000,30378.33000,560
2022-05-30 04:45:00,30328.21000,30350.00000,30286.99000,30332.84000,523
2022-05-30 04:30:00,30351.40000,30351.41000,30236.55000,30328.22000,631
2022-05-30 04:15:00,30325.64000,30370.00000,30301.98000,30351.40000,440
2022-05-30 04:00:00,30353.07000,30432.12000,30270.81000,30325.63000,1064
2022-05-30 03:45:00,30345.00000,30397.94000,30289.81000,30353.07000,667
2022-05-30 03:30:00,30282.74000,30361.16000,30266.88000,30345.01000,544
2022-05-30 03:15:00,30225.44000,30290.08000,30209.62000,30282.74000,543
2022-05-30 03:00:00,30216.70000,30400.00000,30215.87000,30225.44000,1449
2022-05-30 02:45:00,30238.46000,30259.26000,30167.19000,30216.71000,555
2022-05-30 02:30:00,30176.76000,30279.15000,30098.03000,30238.46000,986
2022-05-30 02:15:00,30088.51000,30239.00000,30086.74000,30176.76000,1110
2022-05-30 02:00:00,29770.00000,30245.00000,29761.48000,30088.52000,4536
2022-05-30 01:45:00,29670.69000,29775.99000,29627.65000,29770.01000,1223
2022-05-30 01:30:00,29454.95000,29678.71000,29454.95000,29670.69000,1385
2022-05-30 01:15:00,29374.78000,29462.69000,29374.78000,29454.95000,373
2022-05-30 01:00:00,29322.45000,29383.49000,29320.21000,29374.78000,313
2022-05-30 00:45:00,29326.52000,29340.99000,29311.48000,29322.46000,161
2022-05-30 00:30:00,29357.77000,29372.67000,29299.62000,29326.52000,353
2022-05-30 00:15:00,29350.93000,29404.70000,29346.64000,29357.76000,276
2022-05-30 00:00:00,29468.10000,29470.61000,29338.15000,29350.92000,383
2022-05-29 23:45:00,29452.72000,29482.80000,29428.66000,29468.10000,205
2022-05-29 23:30:00,29479.48000,29489.32000,29431.20000,29452.72000,260
2022-05-29 23:15:00,29494.24000,29494.25000,29441.04000,29479.48000,196
2022-05-29 23:00:00,29426.81000,29499.80000,29400.45000,29494.25000,317
2022-05-29 22:45:00,29453.49000,29464.64000,29414.29000,29426.81000,330
2022-05-29 22:30:00,29420.12000,29587.78000,29405.29000,29453.49000,1320
2022-05-29 22:15:00,29249.99000,29425.00000,29243.01000,29420.12000,867
2022-05-29 22:00:00,29235.64000,29308.57000,29175.29000,29249.99000,565
2022-05-29 21:45:00,29205.24000,29242.93000,29172.95000,29235.64000,171
2022-05-29 21:30:00,29195.08000,29238.03000,29195.05000,29205.24000,144
2022-05-29 21:15:00,29191.37000,29198.40000,29174.33000,29195.08000,98
2022-05-29 21:00:00,29182.95000,29195.64000,29171.10000,29191.37000,116
2022-05-29 20:45:00,29172.19000,29182.95000,29150.00000,29182.95000,121
2022-05-29 20:30:00,29152.90000,29178.37000,29091.67000,29172.20000,222
2022-05-29 20:15:00,29145.99000,29168.14000,29130.41000,29152.91000,98
2022-05-29 20:00:00,29126.40000,29175.14000,29114.21000,29145.99000,364
2022-05-29 19:45:00,29112.01000,29126.41000,29098.02000,29126.41000,145
2022-05-29 19:30:00,29102.55000,29129.81000,29102.54000,29112.00000,143
2022-05-29 19:15:00,29123.12000,29139.57000,29077.98000,29102.54000,317
2022-05-29 19:00:00,29165.95000,29199.57000,29093.66000,29123.12000,509
2022-05-29 18:45:00,29190.08000,29216.43000,29162.07000,29165.95000,201
2022-05-29 18:30:00,29230.22000,29238.74000,29185.36000,29190.08000,128
2022-05-29 18:15:00,29218.93000,29243.00000,29212.64000,29230.22000,170
2022-05-29 18:00:00,29222.96000,29253.28000,29210.73000,29218.93000,160
2022-05-29 17:45:00,29316.17000,29316.17000,29179.81000,29222.97000,345
2022-05-29 17:30:00,29322.19000,29355.50000,29309.11000,29316.17000,153
2022-05-29 17:15:00,29286.32000,29329.68000,29239.64000,29322.19000,204
2022-05-29 17:00:00,29285.25000,29291.09000,29273.83000,29286.32000,91
2022-05-29 16:45:00,29306.89000,29306.89000,29255.83000,29285.25000,192
2022-05-29 16:30:00,29306.17000,29339.95000,29289.47000,29306.89000,229
2022-05-29 16:15:00,29247.21000,29336.80000,29240.10000,29306.17000,323
2022-05-29 16:00:00,29215.97000,29265.98000,29215.97000,29247.21000,229
2022-05-29 15:45:00,29213.67000,29236.87000,29193.04000,29215.98000,156
2022-05-29 15:30:00,29213.68000,29225.87000,29172.21000,29213.68000,266
2022-05-29 15:15:00,29240.00000,29240.00000,29185.74000,29213.68000,257
2022-05-29 15:00:00,29298.95000,29298.96000,29166.51000,29240.00000,805
2022-05-29 14:45:00,29321.43000,29339.08000,29289.10000,29298.95000,275
2022-05-29 14:30:00,29351.19000,29364.90000,29316.32000,29321.44000,174
2022-05-29 14:15:00,29331.14000,29382.94000,29325.17000,29351.18000,258
2022-05-29 14:00:00,29332.96000,29347.31000,29307.87000,29331.14000,331
2022-05-29 13:45:00,29388.22000,29389.54000,29312.00000,29332.97000,273
2022-05-29 13:30:00,29375.39000,29388.40000,29357.93000,29388.22000,170
2022-05-29 13:15:00,29324.11000,29384.20000,29320.53000,29375.40000,277
2022-05-29 13:00:00,29380.43000,29483.57000,29320.67000,29324.11000,516
2022-05-29 12:45:00,29345.00000,29450.00000,29332.41000,29380.43000,493
2022-05-29 12:30:00,29366.19000,29382.21000,29328.76000,29345.00000,219
2022-05-29 12:15:00,29424.01000,29446.77000,29335.02000,29366.19000,474
2022-05-29 12:00:00,29213.85000,29489.00000,29198.01000,29424.01000,1867
2022-05-29 11:45:00,29173.20000,29235.76000,29166.25000,29213.85000,362
2022-05-29 11:30:00,29173.00000,29207.24000,29172.86000,29173.20000,224
2022-05-29 11:15:00,29127.53000,29226.37000,29127.53000,29172.99000,479
2022-05-29 11:00:00,29159.50000,29212.82000,29112.01000,29126.25000,491
2022-05-29 10:45:00,29134.78000,29164.95000,29099.69000,29159.49000,300
2022-05-29 10:30:00,29110.80000,29154.62000,29110.80000,29134.78000,259
2022-05-29 10:15:00,29109.78000,29216.76000,29109.77000,29110.80000,679
2022-05-29 10:00:00,28990.46000,29135.39000,28990.45000,29109.77000,528
2022-05-29 09:45:00,28992.54000,29013.30000,28980.00000,28990.46000,192
2022-05-29 09:30:00,28987.88000,29009.48000,28961.40000,28992.54000,253
2022-05-29 09:15:00,29027.70000,29037.88000,28952.70000,28987.87000,449
2022-05-29 09:00:00,29063.29000,29075.00000,29004.05000,29027.71000,311
2022-05-29 08:45:00,29097.88000,29097.88000,29050.00000,29063.30000,254
2022-05-29 08:30:00,29151.20000,29186.05000,29080.78000,29097.88000,346
2022-05-29 08:15:00,29018.18000,29190.00000,29018.17000,29151.21000,774
2022-05-29 08:00:00,29008.35000,29021.07000,28987.24000,29018.17000,145
2022-05-29 07:45:00,29005.60000,29012.36000,28996.42000,29008.35000,123
2022-05-29 07:30:00,29023.30000,29035.49000,29000.74000,29005.61000,113
2022-05-29 07:15:00,29015.71000,29032.74000,28997.83000,29023.31000,137
2022-05-29 07:00:00,29034.84000,29037.98000,29002.00000,29015.72000,124
2022-05-29 06:45:00,29028.54000,29039.09000,29015.99000,29034.84000,99
2022-05-29 06:30:00,29009.99000,29039.94000,28997.88000,29028.55000,147
2022-05-29 06:15:00,29012.08000,29015.00000,28987.52000,29010.00000,172
2022-05-29 06:00:00,29043.10000,29060.32000,29001.45000,29012.08000,157
2022-05-29 05:45:00,29010.66000,29049.39000,28989.00000,29043.09000,184
2022-05-29 05:30:00,28993.65000,29024.34000,28988.46000,29010.66000,177
2022-05-29 05:15:00,28950.07000,28999.70000,28950.06000,28993.65000,101
2022-05-29 05:00:00,28941.10000,28959.06000,28932.97000,28950.07000,78
2022-05-29 04:45:00,28974.09000,28982.75000,28940.00000,28941.09000,103
2022-05-29 04:30:00,28945.80000,28974.09000,28934.86000,28974.09000,76
2022-05-29 04:15:00,28975.10000,28975.10000,28914.96000,28945.80000,158
2022-05-29 04:00:00,28984.31000,28984.32000,28961.07000,28975.10000,118
2022-05-29 03:45:00,28953.54000,28997.21000,28941.70000,28984.32000,137
2022-05-29 03:30:00,28937.61000,28959.52000,28928.36000,28953.54000,187
2022-05-29 03:15:00,28947.05000,28947.05000,28918.58000,28937.62000,143
2022-05-29 03:00:00,28904.12000,28954.35000,28876.08000,28947.04000,250
2022-05-29 02:45:00,28897.85000,28912.38000,28882.04000,28904.13000,298
2022-05-29 02:30:00,28878.89000,28911.37000,28865.85000,28897.84000,183
2022-05-29 02:15:00,28872.41000,28915.02000,28842.97000,28878.88000,333
2022-05-29 02:00:00,28925.85000,28925.86000,28839.21000,28872.41000,411
2022-05-29 01:45:00,28926.39000,28944.40000,28900.00000,28925.85000,173
2022-05-29 01:30:00,28987.32000,28989.54000,28908.22000,28926.38000,428
2022-05-29 01:15:00,28970.01000,29024.65000,28970.01000,28987.32000,176
2022-05-29 01:00:00,29005.46000,29005.47000,28967.32000,28970.01000,162
2022-05-29 00:45:00,28993.19000,29032.91000,28983.99000,29005.47000,199
2022-05-29 00:30:00,29014.71000,29020.19000,28970.30000,28993.20000,176
2022-05-29 00:15:00,29022.15000,29034.84000,28987.70000,29014.72000,174
2022-05-29 00:00:00,29031.33000,29045.34000,28993.80000,29022.15000,235
2022-05-28 23:45:00,29101.04000,29154.61000,29030.13000,29031.33000,286
2022-05-28 23:30:00,29100.00000,29117.40000,29075.12000,29101.03000,202
2022-05-28 23:15:00,29099.99000,29116.31000,29067.40000,29100.00000,249
2022-05-28 23:00:00,28992.65000,29120.77000,28991.05000,29099.99000,321
2022-05-28 22:45:00,29020.14000,29040.00000,28987.75000,28992.65000,77
2022-05-28 22:30:00,28986.82000,29020.14000,28971.36000,29020.14000,113
2022-05-28 22:15:00,29006.66000,29006.66000,28968.17000,28986.83000,88
2022-05-28 22:00:00,29017.46000,29026.20000,28960.00000,29006.66000,134
2022-05-28 21:45:00,29026.83000,29041.42000,29008.07000,29017.47000,66
2022-05-28 21:30:00,29012.28000,29032.95000,29008.07000,29026.84000,52
2022-05-28 21:15:00,29012.77000,29038.56000,28991.90000,29012.28000,157
2022-05-28 21:00:00,29026.27000,29060.00000,29010.72000,29012.77000,173
2022-05-28 20:45:00,29001.23000,29027.74000,28991.89000,29026.27000,105
2022-05-28 20:30:00,29014.47000,29014.48000,28985.43000,29001.23000,103
2022-05-28 20:15:00,29002.58000,29037.02000,28994.66000,29014.48000,174
2022-05-28 20:00:00,29019.81000,29042.22000,29000.00000,29002.58000,141
2022-05-28 19:45:00,28986.35000,29067.01000,28986.35000,29019.82000,284
2022-05-28 19:30:00,28948.51000,28989.98000,28943.03000,28986.36000,135
2022-05-28 19:15:00,28966.32000,28973.44000,28944.87000,28948.52000,111
2022-05-28 19:00:00,29001.74000,29019.30000,28965.55000,28966.31000,134
2022-05-28 18:45:00,28951.29000,29019.16000,28951.28000,29001.74000,156
2022-05-28 18:30:00,28940.89000,28985.20000,28940.89000,28951.29000,153
2022-05-28 18:15:00,28918.67000,28953.49000,28910.56000,28940.89000,125
2022-05-28 18:00:00,28886.61000,28918.69000,28886.60000,28918.67000,163
2022-05-28 17:45:00,28891.39000,28900.00000,28862.81000,28886.61000,125
2022-05-28 17:30:00,28895.19000,28911.83000,28857.12000,28891.39000,187
2022-05-28 17:15:00,28836.16000,29030.00000,28784.48000,28895.20000,1662
2022-05-28 17:00:00,28907.50000,28911.82000,28829.19000,28836.16000,263
2022-05-28 16:45:00,28985.96000,29010.00000,28902.84000,28907.50000,355
2022-05-28 16:30:00,29031.00000,29043.05000,28973.24000,28985.96000,198
2022-05-28 16:15:00,28976.21000,29050.00000,28938.20000,29031.00000,290
2022-05-28 16:00:00,28988.20000,29008.08000,28957.89000,28976.20000,239
2022-05-28 15:45:00,29013.69000,29042.74000,28982.04000,28988.21000,259
2022-05-28 15:30:00,28993.25000,29089.32000,28993.22000,29013.69000,631
